{
    "$schema": "https://schema.management.azure.com/schemas/2015-01-01/deploymentTemplate.json#",
    "contentVersion": "1.0.0.0",
    "parameters": {
        "stackName": {
            "type": "String"
        },
        "subnetName": {
            "type": "string"
        },
        "virtualNetworkId": {
            "type": "string"
            
        },
        "osDiskType": {
            "type": "string",
            "defaultValue": "StandardSSD_LRS"
        },
        "virtualMachineSize": {
            "type": "string",
            "defaultValue": "Standard_A2_v2"
        },
        "adminUsername": {
            "type": "string",
            "defaultValue": "satish"
        },
        "adminPassword": {
            "type": "secureString",
            "defaultValue": "Satish@19899"
        },
        "location": {
            "type": "String"
        },
        "count": {
            "type": "int",
            "defaultValue": 2
        }
    },
    "variables": {
        "vmName": "[concat(substring(parameters('stackName'),0, 9),'-vm')]",
        "networkInterfaceName": "[concat(parameters('stackName'),'-nic')]",
        "subnetRef": "[resourceId('Microsoft.Network/virtualNetworks/subnets', parameters('virtualNetworkId'), parameters('subnetName'))]"
        
    },
    "resources": [
        {
            "name": "[concat(variables('networkInterfaceName'), copyIndex())]",
            "type": "Microsoft.Network/networkInterfaces",
            "apiVersion": "2019-07-01",
            "location": "[parameters('location')]",
            "properties": {
                "ipConfigurations": [
                    {
                        "name": "[concat(parameters('stackName'),'-ipconfig', copyIndex())]",
                        "properties": {
                            "subnet": {
                                "id": "[variables('subnetRef')]"
                            },
                            "privateIPAllocationMethod": "Dynamic"
                        }
                    }
                ]
            },
            "copy": {
                "name": "niccopy",
                "count": "[parameters('count')]"
            }
        },
        {
            "name": "[concat(variables('vmName'), copyIndex())]",
            "type": "Microsoft.Compute/virtualMachines",
            "apiVersion": "2019-03-01",
            "location": "[parameters('location')]",
            "dependsOn": [
                "niccopy"
            ],
            "properties": {
                "hardwareProfile": {
                    "vmSize": "[parameters('virtualMachineSize')]"
                },
                "storageProfile": {
                    "osDisk": {
                        "name": "[concat(replace(variables('vmName'),'-','_') , copyIndex(),'_OsDisk_1')]",
                        "createOption": "fromImage",
                        "managedDisk": {
                            "storageAccountType": "[parameters('osDiskType')]"
                        }
                    },
                    "imageReference": {
                        "publisher": "MicrosoftWindowsServer",
                        "offer": "WindowsServer",
                        "sku": "2019-Datacenter",
                        "version": "latest"
                    }
                },
                "networkProfile": {
                    "networkInterfaces": [
                        {
                            "id": "[resourceId('Microsoft.Network/networkInterfaces', concat(variables('networkInterfaceName'), copyIndex()))]"
                        }
                    ]
                },
                "osProfile": {
                    "computerName": "[concat(variables('vmName'), copyIndex())]",
                    "adminUsername": "[parameters('adminUsername')]",
                    "adminPassword": "[parameters('adminPassword')]",
                    "windowsConfiguration": {
                        "enableAutomaticUpdates": true,
                        "provisionVmAgent": true
                    },
                    "allowExtensionOperations": true
                }
            },
            "copy": {
                "name": "vmcopy",
                "count": "[parameters('count')]"
            }
        },
        {
            "name": "[concat('microsoft.antimalware-windows', copyIndex())]",
            "apiVersion": "2015-01-01",
            "type": "Microsoft.Resources/deployments",
            "properties": {
                "mode": "incremental",
                "templateLink": {
                    "uri": "https://gallery.azure.com/artifact/20161101/microsoft.antimalware-windows-arm.1.0.2/Artifacts/MainTemplate.json"
                },
                "parameters": {
                    "vmName": {
                        "value": "[concat(variables('vmName'), copyIndex())]"
                    },
                    "location": {
                        "value": "[parameters('location')]"
                    },
                    "RealtimeProtectionEnabled": {
                        "value": "true"
                    },
                    "ScheduledScanSettingsIsEnabled": {
                        "value": "false"
                    },
                    "ScheduledScanSettingsScanType": {
                        "value": "Quick"
                    },
                    "ScheduledScanSettingsDay": {
                        "value": "7"
                    },
                    "ScheduledScanSettingsTime": {
                        "value": "120"
                    }
                }
            },
            "dependsOn": [
                "vmcopy"
            ],
            "copy": {
                "name": "antimalwarecopy",
                "count": "[parameters('count')]"
            }
        },
        {
            "apiVersion": "2016-05-15",
            "type": "microsoft.devtestlab/schedules",
            "name": "[concat('shutdown-computevm-', variables('vmName'), copyIndex())]",
            "location": "[parameters('location')]",
            "dependsOn": [
                "vmcopy"
            ],
            "properties": {
                "status": "Enabled",
                "taskType": "ComputeVmShutdownTask",
                "dailyRecurrence": {
                    "time": "1900"
                },
                "timeZoneId": "Central Standard Time",
                "notificationSettings": {
                    "status": "Disabled",
                    "timeInMinutes": 15
                },
                "targetResourceId": "[resourceId('Microsoft.Compute/virtualMachines', concat(variables('vmName'), copyIndex()))]"
            },
            "copy": {
                "name": "shutdowncmcopy",
                "count": "[parameters('count')]"
            }
        }
    ],
    "outputs": {
        "vmName": {
            "type": "string",
            "value": "[variables('vmName')]"
        }
    }
}