{
    "$schema": "https://schema.management.azure.com/schemas/2015-01-01/deploymentTemplate.json#",
    "contentVersion": "1.0.0.0",
    "parameters": {
        "location": {
            "type": "string",
            "defaultValue": "[resourceGroup().location]",
            "metadata": {
                "description": "Location for all resources."
            }
        },
        "publicIPAddressName": {
            "type": "string",
            "defaultValue": "aryanpip",
            "metadata": {
                "description": "Location for all resources."
            }
        },
      
        "uniqueDnsName": {
          "type": "string",
          "defaultValue": "saathhi",
          "metadata": {
            "description": "Relative DNS name for the traffic manager profile, resulting FQDN will be <uniqueDnsName>.trafficmanager.net, must be globally unique."
          }
        }
        
    },
    "variables": {
        "publIPAddressName":"aryanpip"    
    },
    "resources": [
      {
        "type": "Microsoft.Network/publicIPAddresses",
        "apiVersion": "2019-04-01",
        "name": "[parameters('publicIPAddressName')]",
        "location": "[parameters('location')]",
        "sku": {
          "name": "Standard"
        },
        "properties": {
          "publicIPAllocationMethod": "Static",
          "dnsSettings": {
            "domainNameLabel": "[parameters('uniqueDnsName')]"
          }
        }
      }
    ]
    
} 